time,ppg,peak
1757168809154,233.393167,0
1757168809173,228.621033,0
1757168809192,229.006882,0
1757168809222,228.998971,0
1757168809255,228.995631,0
1757168809289,228.994512,0
1757168809322,225.380094,0
1757168809353,220.029863,0
1757168809389,206.820103,0
1757168809420,184.614431,0
1757168809456,158.084629,0
1757168809488,131.593669,0
1757168809525,109.487002,0
1757168809557,92.07405,0
1757168809594,81.68406,0
1757168809622,78.382568,0
1757168809660,76.552595,0
1757168809690,75.78759,0
1757168809720,74.780891,0
1757168809755,74.703038,0
1757168809789,74.654789,0
1757168809825,74.594958,0
1757168809860,74.61505,0
1757168809889,74.73102,0
1757168809920,74.876256,0
1757168809955,75.010977,0
1757168809989,75.118249,0
1757168810020,75.222781,0
1757168810055,75.326604,0
1757168810090,75.31217,0
1757168810120,75.177625,0
1757168810155,75.054395,0
1757168810190,74.928912,0
1757168810214,74.78621,0
1757168810255,74.655076,0
1757168810284,74.524704,0
1757168810316,74.389983,0
1757168810350,74.259624,0
1757168810389,74.237651,0
1757168810422,74.565082,0
1757168810453,76.190782,0
1757168810490,76.569515,0
1757168810518,76.21394,0
1757168810557,76.198667,0
1757168810590,76.103575,0
1757168810625,75.656703,0
1757168810657,75.585017,0
1757168810690,75.568031,0
1757168810720,75.561885,0
1757168810755,75.545902,0
1757168810783,75.544118,0
1757168810816,75.545935,0
1757168810851,75.551651,0
1757168810883,75.549014,0
1757168810918,75.533311,0
1757168810952,75.530537,0
1757168810990,75.540642,0
1757168811020,75.560173,0
1757168811055,75.567959,0
1757168811089,75.58001,0
1757168811121,75.599587,0
1757168811155,75.600557,0
1757168811189,75.614991,0
1757168811215,75.64214,0
1757168811253,75.647524,0
1757168811283,75.652381,0
1757168811316,75.664978,0
1757168811350,75.680245,0
1757168811385,75.698702,0
1757168811422,75.720363,0
1757168811453,75.679243,0
1757168811490,75.568943,0
1757168811516,75.458616,0
1757168811560,75.418525,0
1757168811589,75.422112,0
1757168811620,76.118087,0
1757168811652,76.094838,0
1757168811683,76.097071,0
1757168811716,76.118425,0
1757168811750,75.7466,0
1757168811787,75.75061,0
1757168811817,75.741405,0
1757168811852,75.743983,0
1757168811884,75.744341,0
1757168811917,75.780643,0
1757168811951,75.797974,0
1757168811985,75.808215,0
1757168812017,75.822362,0
1757168812053,75.832642,0
1757168812084,75.837518,0
1757168812116,75.860507,0
1757168812150,75.86425,0
1757168812184,75.876685,0
1757168812216,75.890058,0
1757168812254,75.909212,0
1757168812290,75.916796,0
1757168812316,75.926868,0
1757168812348,75.947343,0
1757168812379,75.896236,0
1757168812414,75.784393,0
1757168812449,75.69548,0
1757168812486,75.665369,0
1757168812523,75.654216,0
1757168812547,75.654093,0
1757168812582,75.655525,0
1757168812616,75.655792,0
1757168812649,75.656938,0
1757168812682,75.656039,0
1757168812717,75.655792,0
1757168812749,75.648748,0
1757168812780,75.65742,0
1757168812815,75.658207,0
1757168812849,75.68003,0
1757168812882,75.698312,0
1757168812917,75.715753,0
1757168812950,75.714295,0
1757168812982,75.725708,0
1757168813015,75.739484,0
1757168813050,75.752062,0
1757168813089,75.771444,0
1757168813123,75.769829,0
1757168813148,75.793195,0
1757168813181,75.801301,0
1757168813215,75.820402,0
1757168813248,75.777687,0
1757168813280,75.680512,0
1757168813313,75.60279,0
1757168813347,75.572406,0
1757168813380,75.576019,0
1757168813414,76.324683,0
1757168813447,76.331897,0
1757168813480,76.328681,0
1757168813514,76.331089,0
1757168813547,75.97957,0
1757168813581,75.974284,0
1757168813613,75.983216,0
1757168813651,75.98263,0
1757168813681,75.996445,0
1757168813714,76.012096,0
1757168813754,76.036433,0
1757168813782,76.046237,0
1757168813818,76.068327,0
1757168813856,76.084161,0
1757168813882,76.105489,0
1757168813915,76.118393,0
1757168813959,76.139981,0
1757168813981,76.151199,0
1757168814014,76.174793,0
1757168814055,76.191655,0
1757168814081,76.20963,0
1757168814115,76.205477,0
1757168814148,76.120053,0
1757168814179,76.031146,0
1757168814213,75.978828,0
1757168814250,75.9597,0
1757168814280,75.949173,0
1757168814313,75.581989,0
1757168814345,75.966797,0
1757168814379,75.982298,0
1757168814414,75.986295,0
1757168814448,75.991673,0
1757168814478,75.992617,0
1757168814513,75.99722,0
1757168814553,75.999284,0
1757168814581,76.018412,0
1757168814611,76.032839,0
1757168814649,76.045625,0
1757168814678,76.066901,0
1757168814712,76.083256,0
1757168814740,76.099525,0
1757168814773,76.122214,0
1757168814807,76.138152,0
1757168814845,76.153438,0
1757168814878,76.167748,0
1757168814908,76.186407,0
1757168814941,76.200717,0
1757168814978,76.224175,0
1757168815014,75.861816,0
1757168815048,75.844185,0
1757168815077,75.754334,0
1757168815113,75.663689,0
1757168815146,75.603819,0
1757168815180,75.609262,0
1757168815215,75.608721,0
1757168815245,75.607523,0
1757168815278,75.615629,0
1757168815311,75.625011,0
1757168815345,75.63339,0
1757168815378,75.630343,0
1757168815413,75.637335,0
1757168815446,75.63475,0
1757168815479,75.6474,0
1757168815514,75.653351,0
1757168815546,75.668618,0
1757168815578,75.687921,0
1757168815613,75.704614,0
1757168815646,75.72298,0
1757168815679,75.733084,0
1757168815713,75.745304,0
1757168815745,75.767648,0
1757168815780,75.78175,0
1757168815812,75.78591,0
1757168815845,75.799283,0
1757168815878,75.825214,0
1757168815912,75.835005,0
1757168815946,75.852831,0
1757168815979,75.859771,0
1757168816011,75.793846,0
1757168816046,75.699529,0
1757168816079,75.631541,0
1757168816113,75.603305,0
1757168816145,75.615486,0
1757168816179,75.631078,0
1757168816219,75.638813,0
1757168816245,75.648168,0
1757168816278,75.655571,0
1757168816311,75.648995,0
1757168816344,75.65087,0
1757168816377,75.654119,0
1757168816411,75.67367,0
1757168816444,75.693123,0
1757168816479,75.703397,0
1757168816513,75.727707,0
1757168816542,75.749946,0
1757168816578,75.770929,0
1757168816613,75.787674,0
1757168816644,75.804191,0
1757168816678,75.823345,0
1757168816712,75.840298,0
1757168816744,75.852466,0
1757168816778,75.868573,0
1757168816819,75.884433,0
1757168816845,75.904693,0
1757168816878,75.91718,0
1757168816911,75.939974,0
1757168816944,75.931015,0
1757168816978,75.82869,0
1757168817020,75.729373,0
1757168817044,75.678474,0
1757168817077,75.678846,0
1757168817112,75.67882,0
1757168817144,75.669282,0
1757168817177,75.667459,0
1757168817211,75.681997,0
1757168817244,75.705968,0
1757168817277,75.707745,0
1757168817310,75.704262,0
1757168817343,75.709204,0
1757168817378,75.719582,0
1757168817411,75.747863,0
1757168817443,75.761021,0
1757168817477,75.783885,0
1757168817510,75.804764,0
1757168817543,75.827004,0
1757168817578,75.846861,0
1757168817610,75.870898,0
1757168817655,75.882597,0
1757168817679,75.89774,0
1757168817708,75.926992,0
1757168817743,75.951373,0
1757168817782,75.967194,0
1757168817808,75.988646,0
1757168817841,76.007018,0
1757168817878,76.031322,0
1757168817912,76.048926,0
1757168817944,76.058692,0
1757168817977,75.983808,0
1757168818010,75.862864,0
1757168818044,75.778306,0
1757168818077,75.75535,0
1757168818110,75.767987,0
1757168818143,75.76811,0
1757168818176,75.766841,0
1757168818210,75.78481,0
1757168818243,75.785181,0
1757168818279,75.798059,0
1757168818310,75.797811,0
1757168818339,75.796509,0
1757168818372,75.815298,0
1757168818405,75.831477,0
1757168818444,75.847506,0
1757168818476,75.866353,0
1757168818509,75.882812,0
1757168818538,75.914687,0
1757168818572,75.927252,0
1757168818606,75.943033,0
1757168818639,75.958769,0
1757168818678,75.990501,0
1757168818707,75.993385,0
1757168818740,76.007819,0
1757168818777,76.028607,0
1757168818806,76.051582,0
1757168818845,76.070997,0
1757168818872,76.086348,0
1757168818907,76.106348,0
1757168818942,76.066114,0
1757168818981,75.96153,0
1757168819010,75.856796,0
1757168819043,75.817818,0
1757168819077,75.830429,0
1757168819106,75.840377,0
1757168819139,75.84606,0
1757168819175,75.865064,0
1757168819207,75.866431,0
1757168819243,75.868365,0
1757168819276,75.86731,0
1757168819306,75.86537,0
1757168819341,75.884211,0
1757168819375,75.905768,0
1757168819410,75.919804,0
1757168819442,75.945228,0
1757168819475,75.963991,0
1757168819509,75.978242,0
1757168819542,76.001719,0
1757168819579,76.026882,0
1757168819607,76.036335,0
1757168819641,76.061094,0
1757168819674,76.083171,0
1757168819707,76.093822,0
1757168819741,76.116967,0
1757168819775,76.143562,0
1757168819809,76.14825,0
1757168819840,76.134246,0
1757168819871,76.029935,0
1757168819905,75.920527,0
1757168819938,75.871633,0
1757168819974,75.830403,0
1757168820009,75.835474,0
1757168820060,75.840259,0
1757168820073,75.848476,0
1757168820103,75.849628,0
1757168820138,75.859036,0
1757168820173,75.870787,0
1757168820205,75.869459,0
1757168820239,75.869329,0
1757168820273,75.881809,0
1757168820308,75.912864,0
1757168820340,75.924622,0
1757168820378,75.943724,0
1757168820406,75.964166,0
1757168820441,75.981627,0
1757168820470,75.999115,0
1757168820507,76.026276,0
1757168820537,76.042246,0
1757168820572,76.05823,0
1757168820608,76.069929,0
1757168820643,76.081752,0
1757168820673,76.093243,0
1757168820710,76.109389,0
1757168820742,76.132761,0
1757168820771,76.146192,0
1757168820808,76.140717,0
1757168820842,76.048034,0
1757168820871,75.93929,0
1757168820907,75.877942,0
1757168820944,75.864172,0
1757168820971,75.86748,0
1757168821006,75.877467,0
1757168821037,75.873762,0
1757168821073,75.885182,0
1757168821111,75.893066,0
1757168821139,75.894791,0
1757168821173,75.893977,0
1757168821207,75.894863,0
1757168821243,75.907317,0
1757168821273,75.918229,0
1757168821308,75.952708,0
1757168821338,75.970775,0
1757168821375,75.982506,0
1757168821406,75.998561,0
1757168821436,76.026192,0
1757168821469,76.030332,0
1757168821505,76.059974,0
1757168821536,76.076843,0
1757168821569,76.104291,0
1757168821605,76.118184,0
1757168821639,76.113764,0
1757168821673,76.139207,0
1757168821712,76.15616,0
1757168821743,76.172371,0
1757168821771,76.151961,0
1757168821799,76.050007,0
1757168821835,75.934524,0
1757168821866,75.880227,0
1757168821901,75.880969,0
1757168821936,75.888274,0
1757168821970,75.896113,0
1757168822010,75.897291,0
1757168822042,75.913163,0
1757168822072,75.909387,0
1757168822107,75.907447,0
1757168822144,75.902812,0
1757168822173,75.911438,0
1757168822207,75.920182,0
1757168822239,75.952343,0
1757168822270,75.97722,0
1757168822305,75.99332,0
1757168822338,76.009811,0
1757168822369,76.036322,0
1757168822405,76.044024,0
1757168822438,76.058392,0
1757168822490,76.082279,0
1757168822503,76.105098,0
1757168822536,76.125587,0
1757168822576,76.143054,0
1757168822602,76.151856,0
1757168822636,76.177019,0
1757168822669,76.159571,0
1757168822706,76.050417,0
1757168822740,75.935065,0
1757168822770,75.878958,0
1757168822810,75.867226,0
1757168822839,75.879244,0
1757168822872,75.879752,0
1757168822905,75.884309,0
1757168822936,75.894635,0
1757168822972,75.906809,0
1757168823005,75.920494,0
1757168823036,75.910943,0
1757168823072,75.915481,0
1757168823105,75.93664,0
1757168823136,75.962942,0
1757168823172,75.979082,0
1757168823203,76.000423,0
1757168823236,76.025619,0
1757168823272,76.045684,0
1757168823305,76.072409,0
1757168823337,76.092325,0
1757168823372,76.111335,0
1757168823405,76.145105,0
1757168823436,76.1759,0
1757168823473,76.192534,0
1757168823505,76.214194,0
1757168823536,76.235483,0
1757168823572,76.260835,0
1757168823605,76.279611,0
1757168823636,76.243927,0
1757168823672,76.120138,0
1757168823705,76.002494,0
1757168823736,75.948209,0
1757168823774,75.938346,0
1757168823805,75.946308,0
1757168823836,75.962995,0
1757168823872,75.975579,0
1757168823905,75.982155,0
1757168823936,75.98595,0
1757168823971,75.978157,0
1757168824006,75.970137,0
1757168824036,75.960586,0
1757168824072,75.970963,0
1757168824106,75.994844,0
1757168824136,76.026992,0
1757168824172,76.052194,0
1757168824205,76.074773,0
1757168824234,76.085658,0
1757168824277,76.106745,0
1757168824305,76.130737,0
1757168824337,76.164415,0
1757168824369,76.192332,0
1757168824404,76.205841,0
1757168824429,76.227801,0
1757168824463,76.251525,0
1757168824498,76.285874,0
1757168824538,76.311512,0
1757168824572,76.320744,0
1757168824606,76.337854,0
1757168824641,76.279793,0
1757168824669,76.14032,0
1757168824704,76.04127,0
1757168824736,76.009186,0
1757168824773,76.014779,0
1757168824805,76.022357,0
1757168824836,76.02722,0
1757168824873,76.033002,0
1757168824905,76.03683,0
1757168824936,76.034844,0
1757168824966,76.033744,0
1757168825000,76.035495,0
1757168825033,76.049629,0
1757168825069,76.067891,0
1757168825106,76.077383,0
1757168825137,76.101531,0
1757168825172,76.126511,0
1757168825208,76.153621,0
1757168825242,76.168764,0
1757168825272,76.192684,0
1757168825302,76.214337,0
1757168825330,76.234448,0
1757168825371,76.257625,0
1757168825405,76.296193,0
1757168825439,76.314592,0
1757168825469,76.329826,0
1757168825505,76.367763,0
1757168825539,76.37038,0
1757168825570,76.276571,0
1757168825596,76.12683,0
1757168825631,76.028932,0
1757168825663,76.018809,0
1757168825696,76.025176,0
1757168825734,76.028249,0
1757168825762,76.053926,0
1757168825799,76.066667,0
1757168825833,76.055925,0
1757168825862,76.053093,0
1757168825899,76.06599,0
1757168825934,76.077917,0
1757168825970,76.094408,0
1757168826000,76.110756,0
1757168826036,76.124096,0
1757168826073,76.151472,0
1757168826105,76.168972,0
1757168826133,76.186518,0
1757168826168,76.2123,0
1757168826200,76.236304,0
1757168826234,76.264911,0
1757168826264,76.286493,0
1757168826302,76.31702,0
1757168826332,76.357815,0
1757168826370,76.393323,0
1757168826400,76.411826,0
1757168826433,76.443453,0
1757168826464,76.470153,0
1757168826499,76.501683,0
1757168826534,76.460582,0
1757168826571,75.956465,0
1757168826599,75.827479,0
1757168826630,75.77313,0
1757168826666,75.747576,0
1757168826698,75.735408,0
1757168826732,76.094193,0
1757168826765,76.09211,0
1757168826796,76.096081,0
1757168826831,76.100248,0
1757168826865,76.095242,0
1757168826898,76.09295,0
1757168826930,76.092032,0
1757168826962,76.10739,0
1757168826995,76.128445,0
1757168827032,76.16047,0
1757168827065,76.184129,0
1757168827096,76.216401,0
1757168827130,76.258075,0
1757168827164,76.272261,0
1757168827205,76.286831,0
1757168827229,76.315985,0
1757168827262,76.35191,0
1757168827301,76.363661,0
1757168827332,76.412001,0
1757168827361,76.440511,0
1757168827394,76.463037,0
1757168827430,76.480713,0
1757168827461,76.499346,0
1757168827498,76.528701,0
1757168827532,76.496833,0
1757168827562,76.025449,0
1757168827595,75.899811,0
1757168827631,75.809836,0
1757168827665,75.771235,0
1757168827708,75.770877,0
1757168827732,76.122696,0
1757168827762,76.121309,0
1757168827797,76.125697,0
1757168827831,76.120398,0
1757168827862,76.119337,0
1757168827895,76.106055,0
1757168827932,76.103985,0
1757168827962,76.108933,0
1757168827996,76.131889,0
1757168828030,76.160743,0
1757168828062,76.181355,0
1757168828096,76.216167,0
1757168828131,76.240588,0
1757168828161,76.235125,0
1757168828196,76.249357,0
1757168828232,76.278413,0
1757168828262,76.296298,0
1757168828294,76.308889,0
1757168828335,76.327678,0
1757168828372,76.359918,0
1757168828397,76.385152,0
1757168828428,76.393564,0
1757168828461,76.37193,0
1757168828498,76.271109,0
1757168828534,76.118113,0
1757168828563,76.020892,0
1757168828596,75.997415,0
1757168828626,76.002565,0
1757168828662,76.008698,0
1757168828696,76.000306,0
1757168828728,76.012552,0
1757168828761,76.037976,0
1757168828793,76.0161,0
1757168828830,76.001393,0
1757168828863,76.007611,0
1757168828894,76.017018,0
1757168828930,76.031563,0
1757168828964,76.062982,0
1757168828995,76.085554,0
1757168829030,76.107234,0
1757168829063,76.132436,0
1757168829094,76.142892,0
1757168829132,76.166075,0
1757168829163,76.196499,0
1757168829194,76.220425,0
1757168829230,76.230327,0
1757168829263,76.242489,0
1757168829294,76.273068,0
1757168829329,76.314514,0
1757168829359,76.331122,0
1757168829396,76.329065,0
1757168829430,76.245516,0
1757168829458,76.112911,0
1757168829495,75.966373,0
1757168829528,75.904485,0
1757168829561,75.914908,0
1757168829594,75.884648,0
1757168829629,75.843111,0
1757168829660,75.843417,0
1757168829694,75.85634,0
1757168829730,75.850546,0
1757168829765,75.836496,0
1757168829791,75.833091,0
1757168829829,75.845657,0
1757168829860,75.866711,0
1757168829893,75.891881,0
1757168829931,75.915572,0
1757168829963,75.924713,0
1757168829992,75.943769,0
1757168830027,75.968047,0
1757168830060,75.993626,0
1757168830094,76.014649,0
1757168830128,76.047116,0
1757168830161,76.055013,0
1757168830196,76.06836,0
1757168830229,76.090906,0
1757168830262,76.130183,0
1757168830304,76.155763,0
1757168830327,76.184331,0
1757168830356,76.216942,0
1757168830390,76.186824,0
1757168830428,76.056693,0
1757168830461,75.915143,0
1757168830495,75.832883,0
1757168830531,75.81231,0
1757168830559,75.794569,0
1757168830593,75.769732,0
1757168830631,75.769517,0
1757168830667,75.777316,0
1757168830694,75.76759,0
1757168830728,75.7605,0
1757168830761,75.761112,0
1757168830793,75.750063,0
1757168830828,75.752922,0
1757168830859,75.779764,0
1757168830891,75.801027,0
1757168830927,75.819569,0
1757168830960,75.828306,0
1757168830992,75.862714,0
1757168831028,75.880442,0
1757168831061,75.889687,0
1757168831092,75.913359,0
1757168831128,75.915012,0
1757168831162,75.933502,0
1757168831194,75.961295,0
1757168831231,75.975521,0
1757168831260,75.969525,0
1757168831294,75.994772,0
1757168831324,75.954824,0
1757168831358,75.809986,0
1757168831392,75.698982,0
1757168831428,75.657472,0
1757168831463,75.629047,0
1757168831493,75.619379,0
1757168831529,75.652257,0
1757168831560,75.664822,0
1757168831594,75.664972,0
1757168831625,75.65089,0
1757168831660,75.654496,0
1757168831692,75.644783,0
1757168831726,75.651241,0
1757168831760,75.675558,0
1757168831789,75.704334,0
1757168831823,75.721691,0
1757168831857,75.742244,0
1757168831889,75.777381,0
1757168831923,75.800975,0
1757168831956,75.804152,0
1757168831987,75.831444,0
1757168832021,75.853274,0
1757168832053,75.867714,0
1757168832087,75.884055,0
1757168832127,75.921334,0
1757168832160,75.932239,0
1757168832188,75.934342,0
1757168832219,75.832479,0
1757168832254,75.694028,0
1757168832288,75.592628,0
1757168832320,75.549164,0
1757168832356,75.507816,0
1757168832392,75.907076,0
1757168832425,75.888417,0
1757168832462,76.27704,0
1757168832492,76.285073,0
1757168832527,76.29064,0
1757168832561,76.300666,0
1757168832588,76.298342,0
1757168832624,76.303387,0
1757168832654,76.326747,0
1757168832695,76.352763,0
1757168832723,76.379625,0
1757168832757,76.408863,0
1757168832790,76.045899,0
1757168832824,76.451884,0
1757168832858,76.093093,0
1757168832892,76.509606,0
1757168832925,76.154142,0
1757168832956,76.542517,0
1757168832993,76.180092,0
1757168833027,76.597732,0
1757168833059,76.250262,0
1757168833092,76.265438,0
1757168833124,76.294481,0
1757168833166,76.31997,0
1757168833192,76.28176,0
1757168833227,76.141635,0
1757168833258,76.021257,0
1757168833293,75.980078,0
1757168833323,75.950918,0
1757168833358,75.9222,0
1757168833391,75.91804,0
1757168833427,75.933932,0
1757168833468,75.936595,0
1757168833493,75.933763,0
1757168833525,75.958919,0
1757168833558,75.967044,0
1757168833595,75.962669,0
1757168833625,75.991204,0
1757168833656,76.026328,0
1757168833693,76.059414,0
1757168833727,76.086387,0
1757168833757,76.10114,0
1757168833798,76.133972,0
1757168833826,76.154246,0
1757168833858,76.191368,0
1757168833892,76.224708,0
1757168833931,76.230386,0
1757168833957,76.257677,0
1757168833990,76.279859,0
1757168834026,76.308693,0
1757168834058,76.338798,0
1757168834092,76.333296,0
1757168834126,76.37523,0
1757168834160,76.396383,0
1757168834192,76.340985,0
1757168834227,76.22133,0
1757168834257,76.112208,0
1757168834288,76.044056,0
1757168834321,76.017604,0
1757168834356,76.032513,0
1757168834391,76.062618,0
1757168834426,76.062754,0
1757168834460,76.059668,0
1757168834491,76.068178,0
1757168834524,76.072221,0
1757168834561,76.064642,0
1757168834592,76.073985,0
1757168834625,76.113139,0
1757168834659,76.141407,0
1757168834690,76.174552,0
1757168834727,76.19827,0
1757168834756,76.226115,0
1757168834789,76.242326,0
1757168834826,76.250158,0
1757168834858,76.288706,0
1757168834890,76.311597,0
1757168834923,76.321792,0
1757168834956,76.342873,0
1757168834985,76.386161,0
1757168835023,76.417776,0
1757168835056,76.437099,0
1757168835092,76.44165,0
1757168835122,76.353707,0
1757168835155,76.22146,0
1757168835186,76.14101,0
1757168835223,76.095228,0
1757168835254,76.079122,0
1757168835287,76.067038,0
1757168835320,76.070717,0
1757168835353,76.097488,0
1757168835389,76.102566,0
1757168835423,76.120502,0
1757168835459,76.118744,0
1757168835487,76.100033,0
1757168835523,76.117878,0
1757168835559,76.14086,0
1757168835590,76.182189,0
1757168835620,76.226564,0
1757168835652,76.231375,0
1757168835692,76.25217,0
1757168835725,76.27937,0
1757168835759,76.318049,0
1757168835789,76.337476,0
1757168835819,76.3323,0
1757168835854,76.391298,0
1757168835888,76.439651,0
1757168835922,76.448877,0
1757168835952,76.470928,0
1757168835988,76.525062,0
1757168836022,76.563858,0
1757168836053,76.50764,0
1757168836089,76.376558,0
1757168836125,76.247521,0
1757168836155,76.170672,0
1757168836189,76.113542,0
1757168836225,76.098321,0
1757168836258,76.101902,0
1757168836289,76.089525,0
1757168836320,76.107273,0
1757168836351,76.117299,0
1757168836388,76.130365,0
1757168836423,76.148849,0
1757168836455,76.171036,0
1757168836488,76.181922,0
1757168836521,76.20006,0
1757168836552,76.229793,0
1757168836588,76.265418,0
1757168836622,76.312274,0
1757168836653,76.33898,0
1757168836691,76.3462,0
1757168836724,76.393258,0
1757168836756,76.438929,0
1757168836788,76.463213,0
1757168836821,76.484606,0
1757168836850,76.51249,0
1757168836883,76.560218,0
1757168836914,76.601501,0
1757168836949,76.636365,0
1757168836984,76.644731,0
1757168837020,76.684275,0
1757168837052,76.668409,0
1757168837087,76.533832,0
1757168837122,76.381454,0
1757168837156,76.303654,0
1757168837188,75.84358,0
1757168837223,75.824413,0
1757168837259,75.822889,0
1757168837288,76.215242,0
1757168837322,76.207273,0
1757168837353,76.219429,0
1757168837386,76.239741,0
1757168837418,76.214116,0
1757168837452,76.230776,0
1757168837484,76.254715,0
1757168837522,76.28189,0
1757168837555,76.298296,0
1757168837585,76.327033,0
1757168837622,76.377138,0
1757168837653,76.383466,0
1757168837689,76.402978,0
1757168837722,76.4154,0
1757168837755,76.469105,0
1757168837789,76.497725,0
1757168837821,76.483239,0
1757168837852,76.528408,0
1757168837888,76.600115,0
1757168837921,76.573578,0
1757168837952,76.528942,0
1757168837988,76.502822,0
1757168838021,76.388713,0
1757168838052,76.232267,0
1757168838088,76.163087,0
1757168838122,76.17017,0
1757168838152,76.167931,0
1757168838189,76.569457,0
1757168838222,76.963203,0
1757168838252,76.975169,0
1757168838288,76.96263,0
1757168838321,76.561169,0
1757168838353,76.576996,0
1757168838383,76.597999,0
1757168838419,76.627335,0
1757168838453,76.618546,0
1757168838488,76.245412,0
1757168838518,76.682693,0
1757168838552,76.735903,0
1757168838588,76.752674,0
1757168838622,76.71951,0
1757168838654,76.335881,0
1757168838686,76.424208,0
1757168838719,76.437809,0
1757168838753,76.84136,0
1757168838789,76.865917,0
1757168838822,76.93138,0
1757168838852,76.575381,0
1757168838890,76.540082,0
1757168838922,76.399384,0
1757168838952,76.244806,0
1757168838988,75.751476,0
1757168839021,75.741867,0
1757168839052,75.707589,0
1757168839088,76.477939,0
1757168839121,76.489515,0
1757168839150,76.517855,0
1757168839188,76.545681,0
1757168839221,76.523923,0
1757168839252,76.52835,0
1757168839288,76.529359,0
1757168839321,76.528154,0
1757168839356,76.55042,0
1757168839381,76.557627,0
1757168839413,76.595277,0
1757168839447,76.644763,0
1757168839483,76.643403,0
1757168839517,76.652257,0
1757168839550,76.315536,0
1757168839580,76.329071,0
1757168839614,76.340556,0
1757168839650,76.373564,0
1757168839683,76.405699,0
1757168839718,76.405908,0
1757168839752,76.456474,0
1757168839788,76.497718,0
1757168839825,76.518923,0
1757168839856,76.520166,0
1757168839889,76.41275,0
1757168839917,76.237847,0
1757168839952,76.139155,0
1757168839989,76.106811,0
1757168840022,76.105346,0
1757168840058,76.108288,0
1757168840088,76.09515,0
1757168840113,76.108406,0
1757168840148,76.140971,0
1757168840177,76.14353,0
1757168840211,76.136713,0
1757168840245,76.160652,0
1757168840279,76.145659,0
1757168840313,76.153705,0
1757168840346,76.206362,0
1757168840388,76.217612,0
1757168840414,76.229878,0
1757168840447,76.266916,0
1757168840480,76.286044,0
1757168840515,76.309716,0
1757168840546,76.341558,0
1757168840582,76.354293,0
1757168840615,76.369963,0
1757168840645,76.365562,0
1757168840680,76.405543,0
1757168840717,76.434189,0
1757168840746,76.445035,0
1757168840780,76.480765,0
1757168840816,76.506006,0
1757168840847,76.429716,0
1757168840879,76.268231,0
1757168840921,76.146616,0
1757168840948,76.100971,0
1757168840982,76.089636,0
1757168841015,76.096309,0
1757168841051,76.115665,0
1757168841082,76.120528,0
1757168841115,76.134767,0
1757168841156,76.119343,0
1757168841187,76.108425,0
1757168841212,76.128341,0
1757168841248,76.145164,0
1757168841282,76.140919,0
1757168841312,76.17297,0
1757168841347,76.216238,0
1757168841378,76.225106,0
1757168841413,76.215984,0
1757168841449,76.254325,0
1757168841488,76.285718,0
1757168841523,76.304976,0
1757168841550,76.325549,0
1757168841581,76.350588,0
1757168841615,76.383206,0
1757168841650,76.402841,0
1757168841680,76.427568,0
1757168841714,76.438558,0
1757168841750,76.37482,0
1757168841780,76.209155,0
1757168841814,76.07125,0
1757168841846,76.0111,0
1757168841878,76.012253,0
1757168841912,76.005449,0
1757168841945,75.985273,0
1757168841980,76.005619,0
1757168842014,76.035554,0
1757168842048,76.026061,0
1757168842078,76.015977,0
1757168842111,76.01793,0
1757168842149,76.028275,0
1757168842179,76.051732,0
1757168842210,76.081856,0
1757168842246,76.100652,0
1757168842278,76.135203,0
1757168842311,76.167768,0
1757168842346,76.178627,0
1757168842376,76.183139,0
1757168842410,76.230822,0
1757168842445,76.254123,0
1757168842477,76.298075,0
1757168842511,76.31413,0
1757168842546,76.317333,0
1757168842579,76.351799,0
1757168842611,76.40288,0
1757168842648,76.42861,0
1757168842679,76.353577,0
1757168842713,75.80882,0
1757168842744,75.667856,0
1757168842777,75.605714,0
1757168842813,75.591065,0
1757168842844,75.581957,0
1757168842877,75.57809,0
1757168842913,75.58154,0
1757168842944,75.602133,0
1757168842976,75.612973,0
1757168843010,75.609138,0
1757168843045,75.633995,0
1757168843077,75.641137,0
1757168843110,75.650408,0
1757168843145,75.659835,0
1757168843177,75.716261,0
1757168843208,75.743553,0
1757168843244,75.769068,0
1757168843278,75.79343,0
1757168843312,75.828176,0
1757168843344,75.86011,0
1757168843375,75.892909,0
1757168843409,75.914615,0
1757168843441,75.927252,0
1757168843478,75.949355,0
1757168843510,75.981771,0
1757168843546,76.022806,0
1757168843579,76.021895,0
1757168843609,76.046133,0
1757168843647,76.034968,0
1757168843679,75.912278,0
1757168843710,75.755337,0
1757168843745,75.675447,0
1757168843778,75.662088,0
1757168843810,75.659138,0
1757168843846,75.676645,0
1757168843878,75.696489,0
1757168843913,75.716476,0
1757168843945,75.723768,0
1757168843975,75.713703,0
1757168844012,75.712609,0
1757168844045,75.718729,0
1757168844076,75.734627,0
1757168844111,75.756346,0
1757168844145,75.781958,0
1757168844178,75.780676,0
1757168844212,75.815188,0
1757168844246,75.865429,0
1757168844277,75.850709,0
1757168844310,75.863079,0
1757168844343,75.9022,0
1757168844375,75.935273,0
1757168844410,75.946881,0
1757168844445,75.975189,0
1757168844476,75.99804,0
1757168844508,76.002181,0
1757168844545,75.919511,0
1757168844576,75.752362,0
1757168844612,75.653051,0
1757168844647,75.63839,0
1757168844678,75.637094,0
1757168844707,75.649412,0
1757168844741,75.649815,0
1757168844774,75.677849,0
1757168844813,75.675857,0
1757168844847,75.659802,0
1757168844877,75.649887,0
1757168844912,75.653513,0
1757168844943,75.689933,0
1757168844975,75.713637,0
1757168845012,75.740369,0
1757168845043,75.77578,0
1757168845074,75.808371,0
1757168845112,75.798449,0
1757168845144,75.814452,0
1757168845175,75.868905,0
1757168845214,75.892376,0
1757168845242,75.884517,0
1757168845273,75.919518,0
1757168845307,75.963574,0
1757168845342,75.965338,0
1757168845377,75.959017,0
1757168845413,75.840683,0
1757168845442,75.678051,0
1757168845474,75.585818,0
1757168845508,75.576006,0
1757168845539,75.579515,0
1757168845576,75.939668,0
1757168845612,75.932552,0
1757168845643,75.977858,0
1757168845679,76.365341,0
1757168845711,76.343804,0
1757168845743,76.34676,0
1757168845778,76.373818,0
1757168845810,76.38165,0
1757168845843,76.380875,0
1757168845878,76.040137,0
1757168845910,76.059792,0
1757168845943,76.072025,0
1757168845977,76.105535,0
1757168846010,75.74106,0
1757168846044,75.756261,0
1757168846076,75.781561,0
1757168846109,76.210346,0
1757168846143,76.224761,0
1757168846176,76.24633,0
1757168846210,75.860995,0
1757168846242,75.899179,0
1757168846275,75.906425,0
1757168846311,75.786398,0
1757168846341,75.641397,0
1757168846375,75.564235,0
1757168846410,75.94416,0
1757168846440,76.337606,0
1757168846476,76.324371,0
1757168846510,76.325204,0
1757168846543,75.979512,0
1757168846576,75.999062,0
1757168846612,75.985436,0
1757168846648,76.005462,0
1757168846673,76.001934,0
1757168846708,75.979446,0
1757168846740,75.995312,0
1757168846774,76.045326,0
1757168846814,76.046602,0
1757168846842,76.062325,0
1757168846876,76.101283,0
1757168846911,76.129148,0
1757168846942,76.14685,0
1757168846977,76.153907,0
1757168847008,76.193908,0
1757168847043,76.194057,0
1757168847075,76.203172,0
1757168847108,76.219643,0
1757168847142,76.263517,0
1757168847176,76.241186,0
1757168847209,76.123139,0
1757168847244,75.985944,0
1757168847280,75.90968,0
1757168847307,75.906575,0
1757168847344,75.916647,0
1757168847373,76.267131,0
1757168847408,76.645662,0
1757168847440,76.69477,0
1757168847472,76.690115,0
1757168847508,76.677654,0
1757168847541,76.328641,0
1757168847573,76.338349,0
1757168847609,76.37385,0
1757168847640,76.399762,0
1757168847671,76.413714,0
1757168847707,76.45262,0
1757168847743,76.476865,0
1757168847772,76.495576,0
1757168847815,76.147787,0
1757168847841,76.173686,0
1757168847873,76.169168,0
1757168847908,76.228257,0
1757168847943,76.258075,0
1757168847972,76.204415,0
1757168848006,76.235353,0
1757168848041,76.288133,0
1757168848072,76.31663,0
1757168848107,76.303869,0
1757168848141,76.229878,0
1757168848171,76.107136,0
1757168848206,75.995436,0
1757168848242,75.93274,0
1757168848269,75.923085,0
1757168848304,75.930638,0
1757168848337,75.907949,0
1757168848469,75.963021,0
1757168848497,75.968463,0
1757168848513,75.991549,0
1757168848534,75.995202,0
1757168848568,76.010065,0
1757168848609,76.035632,0
1757168848639,76.068829,0
1757168848669,76.088236,0
1757168848703,76.108692,0
1757168848741,76.13474,0
1757168848774,76.16183,0
1757168848807,76.174396,0
1757168848841,76.208335,0
1757168848873,76.22435,0
1757168848907,76.245828,0
1757168848941,76.285197,0
1757168848973,76.33273,0
1757168849003,76.346936,0
1757168849037,76.351825,0
1757168849072,76.374722,0
1757168849105,76.403063,0
1757168849139,76.030651,0
1757168849173,75.980404,0
1757168849204,75.812785,0
1757168849237,75.683963,0
1757168849273,75.654073,0
1757168849304,75.631977,0
1757168849339,75.619932,0
1757168849371,76.017715,0
1757168849402,76.399319,0
1757168849435,76.418968,0
1757168849469,76.460648,0
1757168849505,76.460511,0
1757168849539,76.066316,0
1757168849571,76.082963,0
1757168849602,76.110958,0
1757168849643,76.097859,0
1757168849676,76.123191,0
1757168849703,76.175281,0
1757168849738,76.193068,0
1757168849770,76.211024,0
1757168849803,76.229982,0
1757168849837,76.247983,0
1757168849871,76.283973,0
1757168849906,76.312014,0
1757168849939,76.337658,0
1757168849974,76.384703,0
1757168850002,76.381754,0
1757168850038,76.388525,0
1757168850074,76.448857,0
1757168850107,76.091133,0
1757168850138,76.055951,0
1757168850169,76.041491,0
1757168850205,75.959225,0
1757168850239,75.7905,0
1757168850272,75.684842,0
1757168850300,75.706352,0
1757168850332,75.712199,0
1757168850371,76.503265,0
1757168850404,76.518597,0
1757168850435,76.529639,0
1757168850471,76.161564,0
1757168850501,76.14351,0
1757168850539,76.127078,0
1757168850571,76.162788,0
1757168850604,76.177247,0
1757168850646,76.203354,0
1757168850673,76.252756,0
1757168850699,76.260392,0
1757168850738,76.279956,0
1757168850771,76.299292,0
1757168850801,76.310992,0
1757168850837,76.327417,0
1757168850872,76.38219,0
1757168850907,76.435081,0
1757168850937,76.427353,0
1757168850969,76.447327,0
1757168851005,76.503949,0
1757168851038,76.54531,0
1757168851069,76.134936,0
1757168851103,76.141342,0
1757168851139,75.713768,0
1757168851170,76.00013,0
1757168851202,75.810793,0
1757168851235,75.726645,0
1757168851268,75.747674,0
1757168851303,75.733787,0
1757168851338,75.706639,0
1757168851370,75.739015,0
1757168851404,75.751815,0
1757168851438,75.749692,0
1757168851468,75.769693,0
1757168851503,75.757303,0
1757168851538,75.757817,0
1757168851568,75.803879,0
1757168851601,75.802688,0
1757168851634,75.827746,0
1757168851668,75.884023,0
1757168851704,75.895149,0
1757168851738,75.907096,0
1757168851769,75.956237,0
1757168851804,75.965527,0
1757168851837,75.950039,0
1757168851870,76.007357,0
1757168851901,76.04515,0
1757168851937,76.02459,0
1757168851968,76.086407,0
1757168852005,76.136212,0
1757168852038,76.14017,0
1757168852072,76.186577,0
1757168852100,76.224637,0
1757168852141,76.219415,0
1757168852171,76.149981,0
1757168852201,75.977142,0
1757168852237,75.827668,0
1757168852271,75.789361,0
1757168852302,75.810025,0
1757168852335,75.790695,0
1757168852370,75.772121,0
1757168852399,75.806145,0
1757168852431,75.826425,0
1757168852470,75.820637,0
1757168852504,75.833645,0
1757168852539,75.859986,0
1757168852568,75.845019,0
1757168852604,75.836464,0
1757168852639,75.85636,0
1757168852674,75.906314,0
1757168852702,75.917858,0
1757168852737,75.933112,0
1757168852768,75.953965,0
1757168852805,75.963893,0
1757168852838,76.030137,0
1757168852868,76.062325,0
1757168852904,76.05836,0
1757168852937,76.05125,0
1757168852968,76.091244,0
1757168853004,76.130281,0
1757168853037,76.151993,0
1757168853069,76.143705,0
1757168853105,76.194435,0
1757168853134,76.2148,0
1757168853169,76.219533,0
1757168853204,76.215932,0
1757168853239,76.079805,0
1757168853270,75.873469,0
1757168853302,75.819758,0
1757168853338,75.839101,0
1757168853368,75.814758,0
1757168853817,75.872382,0
1757168854021,76.0889,0
1757168854049,76.084102,0
1757168854069,76.106863,0
1757168854101,76.140991,0
1757168854129,76.140313,0
1757168854166,76.050358,0
1757168854198,75.889947,0
1757168854230,75.766854,0
1757168854268,75.724471,0
1757168854304,75.745337,0
1757168854330,75.726489,0
1757168854365,75.691495,0
1757168854395,75.724757,0
1757168854431,75.764549,0
1757168854464,75.743358,0
1757168854494,75.733592,0
1757168854528,75.722257,0
1757168854564,75.746906,0
1757168854595,75.756886,0
1757168854628,75.769745,0
1757168854664,75.803384,0
1757168854696,75.862278,0
1757168854730,75.888684,0
1757168854765,75.86828,0
1757168854798,75.885299,0
1757168854829,75.941106,0
1757168854867,75.978795,0
1757168854899,75.978476,0
1757168854932,75.976946,0
1757168854962,76.025899,0
1757168854998,76.086641,0
1757168855032,76.0739,0
1757168855066,76.091511,0
1757168855096,76.119278,0
1757168855132,76.00543,0
1757168855163,75.820025,0
1757168855197,75.714725,0
1757168855230,75.678051,0
1757168855261,75.670812,0
1757168855303,75.652283,0
1757168855331,75.643565,0
1757168855359,75.65824,0
1757168855396,75.662934,0
1757168855432,75.697081,0
1757168855459,75.678976,0
1757168855494,75.668181,0
1757168855530,75.692876,0
1757168855562,75.71119,0
1757168855598,75.73645,0
1757168855628,75.76828,0
1757168855660,75.778618,0
1757168855696,75.815005,0
1757168855728,75.844726,0
1757168855761,75.862675,0
1757168855797,75.881458,0
1757168855828,75.908411,0
1757168855861,75.93789,0
1757168855896,75.965228,0
1757168855926,75.995827,0
1757168855963,76.009258,0
1757168855999,76.052585,0
1757168856028,76.067859,0
1757168856064,76.091381,0
1757168856094,76.051504,0
1757168856128,75.900898,0
1757168856163,75.760422,0
1757168856197,75.685701,0
1757168856230,75.704809,0
1757168856262,75.717622,0
1757168856297,75.678188,0
1757168856328,75.685883,0
1757168856360,75.737863,0
1757168856396,75.744276,0
1757168856427,75.703084,0
1757168856464,75.689633,0
1757168856496,75.701092,0
1757168856528,75.731307,0
1757168856561,75.738683,0
1757168856594,75.725076,0
1757168856635,75.763052,0
1757168856661,75.835194,0
1757168856692,75.84802,0
1757168856725,75.82203,0
1757168856767,75.83858,0
1757168856796,75.908307,0
1757168856830,75.909355,0
1757168856863,75.893945,0
1757168856893,75.923138,0
1757168856929,75.971374,0
1757168856970,75.997754,0
1757168856996,75.993581,0
1757168857026,75.902903,0
1757168857061,75.751619,0
1757168857096,75.665812,0
1757168857128,75.639229,0
1757168857161,75.636489,0
1757168857193,75.640909,0
1757168857228,75.654835,0
1757168857260,75.673878,0
1757168857296,75.688709,0
1757168857329,75.670929,0
1757168857358,75.651593,0
1757168857393,75.675174,0
1757168857426,75.676795,0
1757168857458,75.717088,0
1757168857494,75.734289,0
1757168857527,75.752577,0
1757168857561,75.744061,0
1757168857595,75.777883,0
1757168857629,75.81996,0
1757168857660,75.808566,0
1757168857692,75.825552,0
1757168857726,75.854732,0
1757168857761,75.881868,0
1757168857795,75.909628,0
1757168857826,75.916184,0
1757168857862,75.935136,0
1757168857896,75.952343,0
1757168857926,75.818319,0
1757168857958,75.640408,0
1757168857992,75.540427,0
1757168858027,75.529209,0
1757168858059,75.507425,0
1757168858095,75.872356,0
1757168858127,75.892766,0
1757168858161,75.919108,0
1757168858196,76.281734,0
1757168858226,76.292098,0
1757168858259,76.317483,0
1757168858295,76.297717,0
1757168858326,76.323863,0
1757168858360,76.348446,0
1757168858394,76.362131,0
1757168858424,76.384332,0
1757168858457,76.420296,0
1757168858494,76.450016,0
1757168858525,76.476266,0
1757168858560,76.467243,0
1757168858593,76.489163,0
1757168858624,76.128158,0
1757168858659,76.145099,0
1757168858697,76.183269,0
1757168858724,76.217567,0
1757168858757,76.609398,0
1757168858790,76.637986,0
1757168858833,76.662309,0
1757168858858,76.161674,0
1757168858892,75.991816,0
1757168858925,75.899778,0
1757168858960,76.268491,0
1757168858992,76.237918,0
1757168859025,76.227495,0
1757168859061,76.234819,0
1757168859091,76.225776,0
1757168859128,76.249259,0
1757168859161,76.27618,0
1757168859191,76.275243,0
1757168859227,76.261506,0
1757168859260,76.251968,0
1757168859289,76.28631,0
1757168859326,76.316623,0
1757168859359,76.311161,0
1757168859390,76.337437,0
1757168859424,76.368017,0
1757168859462,76.389195,0
1757168859493,76.38691,0
1757168859528,76.417216,0
1757168859560,76.457594,0
1757168859591,76.481344,0
1757168859626,76.497979,0
1757168859661,76.123888,0
1757168859689,76.152403,0
1757168859725,76.182918,0
1757168859758,76.200952,0
1757168859789,76.174689,0
1757168859826,76.040495,0
1757168859858,75.921972,0
1757168859888,75.843599,0
1757168859927,75.81593,0
1757168859961,75.826893,0
1757168859990,75.849016,0
1757168860026,76.243472,0
1757168860061,76.248094,0
1757168860090,76.25883,0
1757168860124,76.245933,0
1757168860159,76.24784,0
1757168860191,76.269312,0
1757168860227,76.264077,0
1757168860259,76.301415,0
1757168860289,76.343817,0
1757168860326,76.351591,0
1757168860358,76.354573,0
1757168860389,76.395289,0
1757168860422,76.416194,0
1757168860458,76.41499,0
1757168860489,76.454977,0
1757168860524,76.496488,0
1757168860558,76.533558,0
1757168860595,76.532171,0
1757168860626,76.547608,0
1757168860658,76.59574,0
1757168860693,76.631098,0
1757168860728,76.510824,0
1757168860759,75.948606,0
1757168860790,75.849726,0
1757168860824,75.81884,0
1757168860856,75.803267,0
1757168860889,75.769725,0
1757168860925,76.172397,0
1757168860957,76.190249,0
1757168860993,76.589646,0
1757168861027,76.580609,0
1757168861057,76.591117,0
1757168861093,76.602217,0
1757168861128,76.598682,0
1757168861152,76.642914,0
1757168861185,76.671352,0
1757168861220,76.671573,0
1757168861259,76.737589,0
1757168861293,76.796535,0
1757168861327,76.780044,0
1757168861357,76.784452,0
1757168861393,76.463864,0
1757168861421,76.499515,0
1757168861455,76.489886,0
1757168861490,76.529463,0
1757168861522,76.56876,0
1757168861558,76.210874,0
1757168861592,76.221238,0
1757168861622,76.243608,0
1757168861659,76.286434,0
1757168861691,76.301037,0
1757168861723,76.227352,0
1757168861758,76.069825,0
1757168861792,75.938405,0
1757168861827,75.882421,0
1757168861854,75.890494,0
1757168861887,76.662296,0
1757168861922,76.633989,0
1757168861956,76.667576,0
1757168861987,76.720128,0
1757168862029,76.709321,0
1757168862059,76.716899,0
1757168862092,76.378206,0
1757168862128,76.38107,0
1757168862156,76.350803,0
1757168862188,76.357685,0
1757168862225,76.421142,0
1757168862257,76.452353,0
1757168862290,76.449638,0
1757168862321,76.47626,0
1757168862357,76.495387,0
1757168862387,76.525798,0
1757168862420,76.558044,0
1757168862456,76.607563,0
1757168862488,76.594691,0
1757168862527,76.624958,0
1757168862558,76.685408,0
1757168862590,76.694087,0
1757168862623,76.701202,0
1757168862659,76.734113,0
1757168862692,76.777551,0
1757168862723,76.780578,0
1757168862756,76.687732,0
1757168862787,76.541898,0
1757168862824,76.415309,0
1757168862855,76.361539,0
1757168862887,75.962278,0
1757168862924,75.960807,0
1757168862957,75.960468,0
1757168862986,75.994245,0
1757168863024,76.013997,0
1757168863056,76.38221,0
1757168863087,76.381252,0
1757168863124,76.408258,0
1757168863156,76.414013,0
1757168863187,76.430055,0
1757168863224,76.449104,0
1757168863253,76.489281,0
1757168863288,76.510999,0
1757168863322,76.542998,0
1757168863355,76.526566,0
1757168863388,76.527862,0
1757168863421,76.590473,0
1757168863455,76.635056,0
1757168863486,76.610447,0
1757168863522,76.212488,0
1757168863555,76.241824,0
1757168863589,76.307554,0
1757168863621,76.302053,0
1757168863655,76.299943,0
1757168863687,76.251284,0
1757168863722,76.107637,0
1757168863754,75.956549,0
1757168863791,75.892232,0
1757168863823,75.90804,0
1757168863858,75.891021,0
1757168863888,75.884101,0
1757168863918,75.942369,0
1757168863950,75.951836,0
1757168863991,75.927044,0
1757168864022,75.928118,0
1757168864054,75.94998,0
1757168864092,75.958327,0
1757168864122,75.96235,0
1757168864157,76.007663,0
1757168864189,76.03683,0
1757168864218,76.066127,0
1757168864252,76.112188,0
1757168864289,76.131941,0
1757168864323,76.134063,0
1757168864360,76.170079,0
1757168864387,76.228035,0
1757168864417,76.233296,0
1757168864452,76.222619,0
1757168864487,76.262632,0
1757168864523,76.313993,0
1757168864554,76.340549,0
1757168864588,76.352652,0
1757168864621,76.379443,0
1757168864654,76.30008,0
1757168864687,76.111908,0
1757168864721,75.964935,0
1757168864754,75.9236,0
1757168864788,75.923046,0
1757168864819,75.928932,0
1757168864855,75.940599,0
1757168864893,75.93789,0
1757168864919,75.952838,0
1757168864950,75.955299,0
1757168864987,75.997083,0
1757168865020,75.980579,0
1757168865052,75.960748,0
1757168865086,76.002188,0
1757168865119,76.004596,0
1757168865151,76.00905,0
1757168865187,76.074929,0
1757168865220,76.094213,0
1757168865250,76.087012,0
1757168865287,76.108171,0
1757168865320,76.122175,0
1757168865351,76.157696,0
1757168865387,76.166049,0
1757168865420,76.151544,0
1757168865451,76.17739,0
1757168865484,76.255627,0
1757168865521,76.293042,0
1757168865550,76.257964,0
1757168865585,76.304846,0
1757168865619,76.292339,0
1757168865652,76.130795,0
1757168865685,75.973789,0
1757168865717,75.897844,0
1757168865751,75.885279,0
1757168865787,75.873007,0
1757168865818,75.866262,0
1757168865854,75.908919,0
1757168865888,75.932298,0
1757168865916,75.93623,0
1757168865950,75.924934,0
1757168865987,75.936751,0
1757168866018,75.935703,0
1757168866051,75.947395,0
1757168866085,75.964232,0
1757168866116,75.951627,0
1757168866151,75.987598,0
1757168866184,76.034128,0
1757168866216,76.032403,0
1757168866251,76.067702,0
1757168866284,76.081687,0
1757168866315,76.07306,0
1757168866345,76.091062,0
1757168866382,76.106544,0
1757168866420,76.115248,0
1757168866455,76.157827,0
1757168866487,76.162416,0
1757168866599,76.174851,0
1757168866621,75.887642,0
1757168866652,75.829986,0
1757168866687,75.828801,0
1757168866717,75.835787,0
1757168866754,76.248817,0
1757168866787,76.267404,0
1757168866818,76.287157,0
1757168866854,76.310009,0
1757168866890,76.666228,0
1757168866919,76.644457,0
1757168866953,76.653806,0
1757168866989,76.312346,0
1757168867015,76.339651,0
1757168867048,76.36622,0
1757168867082,76.373329,0
1757168867118,76.411064,0
1757168867154,76.429729,0
1757168867187,76.431363,0
1757168867221,76.466885,0
1757168867255,76.502979,0
1757168867287,76.494339,0
1757168867321,76.5104,0
1757168867353,76.550349,0
1757168867384,76.583259,0
1757168867421,76.574789,0
1757168867453,76.489157,0
1757168867485,76.336063,0
1757168867522,76.203328,0
1757168867554,76.165222,0
1757168867584,76.16394,0
1757168867620,76.492646,0
1757168867654,76.790344,0
1757168867685,76.85802,0
1757168867724,76.91746,0
1757168867754,76.52361,0
1757168867784,76.534209,0
1757168867820,76.538832,0
1757168867854,76.542321,0
1757168867885,76.539977,0
1757168867921,76.526579,0
1757168867950,76.500837,0
1757168867984,76.52654,0
1757168868019,76.575993,0
1757168868053,76.629887,0
1757168868084,76.615395,0
1757168868121,76.622445,0
1757168868153,76.644145,0
1757168868185,76.65712,0
1757168868218,76.656463,0
1757168868254,76.767258,0
1757168868284,76.798553,0
1757168868320,76.779217,0
1757168868354,76.795337,0
1757168868385,76.876445,0
1757168868420,76.868066,0
1757168868453,76.685786,0
1757168868485,76.183354,0
1757168868521,76.202573,0
1757168868554,76.137748,0
1757168868577,76.016973,0
1757168868615,76.160847,0
1757168868654,76.381493,0
1757168868688,76.936237,0
1757168868714,77.218764,0
1757168868747,76.843983,0
1757168868782,77.23939,0
1757168868816,76.882265,0
1757168868848,77.015723,0
1757168868880,76.643989,0
1757168868912,77.916614,0
1757168868953,79.166075,0
1757168868987,78.954876,0
1757168869020,78.864303,0
1757168869045,79.264487,0
1757168869078,79.392112,0
1757168869112,78.25898,0
1757168869145,77.222905,0
1757168869183,76.794575,0
1757168869220,76.720128,0
1757168869246,76.758228,0
1757168869288,76.496227,0
1757168869325,76.276948,0
1757168869349,76.664503,0
1757168869379,77.161232,0
1757168869410,76.920624,0
1757168869444,76.445107,0
1757168869477,75.572243,0
1757168869511,75.090899,0
1757168869543,74.757804,0
1757168869578,75.160281,0
1757168869611,75.637888,0
1757168869653,76.46262,0
1757168869681,76.992331,0
1757168869709,76.836093,0
1757168869743,76.594268,0
1757168869778,76.452666,0
1757168869810,76.564366,0
1757168869845,76.805793,0
1757168869896,76.864661,0
1757168869913,76.747192,0
1757168869943,76.490576,0
1757168869980,76.457757,0
1757168870013,76.635408,0
1757168870044,76.612823,0
1757168870078,76.420823,0
1757168870111,76.467822,0
1757168870144,76.642211,0
1757168870180,76.913177,0
1757168870210,76.84871,0
1757168870253,76.645356,0
1757168870286,76.445901,0
1757168870312,76.268101,0
1757168870348,76.062956,0
1757168870379,76.019811,0
1757168870409,76.134115,0
1757168870444,76.110274,0
1757168870480,76.017057,0
1757168870514,75.982194,0
1757168870544,76.022012,0
1757168870579,76.040723,0
1757168870608,76.014245,0
1757168870641,76.065274,0
